--
-- PostgreSQL database dump
--

-- Dumped from database version 14.5
-- Dumped by pg_dump version 14.5

-- Started on 2022-12-10 22:45:34

SET statement_timeout = 0;
SET lock_timeout = 0;
SET idle_in_transaction_session_timeout = 0;
SET client_encoding = 'UTF8';
SET standard_conforming_strings = on;
SELECT pg_catalog.set_config('search_path', '', false);
SET check_function_bodies = false;
SET xmloption = content;
SET client_min_messages = warning;
SET row_security = off;

SET default_tablespace = '';

SET default_table_access_method = heap;

--
-- TOC entry 210 (class 1259 OID 25246)
-- Name: category; Type: TABLE; Schema: public; Owner: postgres
--

CREATE TABLE public.category (
    id integer NOT NULL,
    name character varying(255)
);


ALTER TABLE public.category OWNER TO postgres;

--
-- TOC entry 209 (class 1259 OID 25245)
-- Name: category_id_seq; Type: SEQUENCE; Schema: public; Owner: postgres
--

ALTER TABLE public.category ALTER COLUMN id ADD GENERATED BY DEFAULT AS IDENTITY (
    SEQUENCE NAME public.category_id_seq
    START WITH 1
    INCREMENT BY 1
    NO MINVALUE
    NO MAXVALUE
    CACHE 1
);


--
-- TOC entry 212 (class 1259 OID 25252)
-- Name: image; Type: TABLE; Schema: public; Owner: postgres
--

CREATE TABLE public.image (
    id integer NOT NULL,
    file_name character varying(255),
    product_id integer NOT NULL
);


ALTER TABLE public.image OWNER TO postgres;

--
-- TOC entry 211 (class 1259 OID 25251)
-- Name: image_id_seq; Type: SEQUENCE; Schema: public; Owner: postgres
--

ALTER TABLE public.image ALTER COLUMN id ADD GENERATED BY DEFAULT AS IDENTITY (
    SEQUENCE NAME public.image_id_seq
    START WITH 1
    INCREMENT BY 1
    NO MINVALUE
    NO MAXVALUE
    CACHE 1
);


--
-- TOC entry 214 (class 1259 OID 25258)
-- Name: orders; Type: TABLE; Schema: public; Owner: postgres
--

CREATE TABLE public.orders (
    id integer NOT NULL,
    count integer NOT NULL,
    date_time timestamp without time zone,
    number character varying(255),
    price real NOT NULL,
    status integer,
    person_id integer NOT NULL,
    product_id integer NOT NULL
);


ALTER TABLE public.orders OWNER TO postgres;

--
-- TOC entry 213 (class 1259 OID 25257)
-- Name: orders_id_seq; Type: SEQUENCE; Schema: public; Owner: postgres
--

ALTER TABLE public.orders ALTER COLUMN id ADD GENERATED BY DEFAULT AS IDENTITY (
    SEQUENCE NAME public.orders_id_seq
    START WITH 1
    INCREMENT BY 1
    NO MINVALUE
    NO MAXVALUE
    CACHE 1
);


--
-- TOC entry 216 (class 1259 OID 25264)
-- Name: person; Type: TABLE; Schema: public; Owner: postgres
--

CREATE TABLE public.person (
    id integer NOT NULL,
    login character varying(50),
    password character varying(255),
    role character varying(255)
);


ALTER TABLE public.person OWNER TO postgres;

--
-- TOC entry 215 (class 1259 OID 25263)
-- Name: person_id_seq; Type: SEQUENCE; Schema: public; Owner: postgres
--

ALTER TABLE public.person ALTER COLUMN id ADD GENERATED BY DEFAULT AS IDENTITY (
    SEQUENCE NAME public.person_id_seq
    START WITH 1
    INCREMENT BY 1
    NO MINVALUE
    NO MAXVALUE
    CACHE 1
);


--
-- TOC entry 218 (class 1259 OID 25272)
-- Name: product; Type: TABLE; Schema: public; Owner: postgres
--

CREATE TABLE public.product (
    id integer NOT NULL,
    date_time_of_created timestamp without time zone,
    description text NOT NULL,
    price real NOT NULL,
    seller character varying(255) NOT NULL,
    title text NOT NULL,
    warehouse character varying(255) NOT NULL,
    category_id integer NOT NULL,
    CONSTRAINT product_price_check CHECK ((price >= (1)::double precision))
);


ALTER TABLE public.product OWNER TO postgres;

--
-- TOC entry 220 (class 1259 OID 25281)
-- Name: product_cart; Type: TABLE; Schema: public; Owner: postgres
--

CREATE TABLE public.product_cart (
    id integer NOT NULL,
    person_id integer,
    product_id integer
);


ALTER TABLE public.product_cart OWNER TO postgres;

--
-- TOC entry 219 (class 1259 OID 25280)
-- Name: product_cart_id_seq; Type: SEQUENCE; Schema: public; Owner: postgres
--

ALTER TABLE public.product_cart ALTER COLUMN id ADD GENERATED BY DEFAULT AS IDENTITY (
    SEQUENCE NAME public.product_cart_id_seq
    START WITH 1
    INCREMENT BY 1
    NO MINVALUE
    NO MAXVALUE
    CACHE 1
);


--
-- TOC entry 217 (class 1259 OID 25271)
-- Name: product_id_seq; Type: SEQUENCE; Schema: public; Owner: postgres
--

ALTER TABLE public.product ALTER COLUMN id ADD GENERATED BY DEFAULT AS IDENTITY (
    SEQUENCE NAME public.product_id_seq
    START WITH 1
    INCREMENT BY 1
    NO MINVALUE
    NO MAXVALUE
    CACHE 1
);


--
-- TOC entry 3350 (class 0 OID 25246)
-- Dependencies: 210
-- Data for Name: category; Type: TABLE DATA; Schema: public; Owner: postgres
--

INSERT INTO public.category (id, name) VALUES (1, 'Женское');
INSERT INTO public.category (id, name) VALUES (2, 'Мужское');
INSERT INTO public.category (id, name) VALUES (3, 'Детское');


--
-- TOC entry 3352 (class 0 OID 25252)
-- Dependencies: 212
-- Data for Name: image; Type: TABLE DATA; Schema: public; Owner: postgres
--

INSERT INTO public.image (id, file_name, product_id) VALUES (1, 'bd3816b2-6907-49d9-90ce-1f76742f7c16.дет5.jpg', 1);
INSERT INTO public.image (id, file_name, product_id) VALUES (2, '798f899e-0db3-4327-a07b-ba2f8804e8d0.дет1.jpg', 1);
INSERT INTO public.image (id, file_name, product_id) VALUES (3, '7d06e040-0268-4ed1-a5df-ed9a130e25f3.дет2.jpg', 1);
INSERT INTO public.image (id, file_name, product_id) VALUES (4, '31f3bbcb-73b4-4ba4-aa48-f62089584fbe.дет3.jpg', 1);
INSERT INTO public.image (id, file_name, product_id) VALUES (5, 'bb2eb14b-1c70-4389-a431-6ede4d4cfcd3.дет4.jpg', 1);
INSERT INTO public.image (id, file_name, product_id) VALUES (6, '2ea8901b-f2b5-4d2c-b72b-8be7d94fdf2d.жен5.jpg', 2);
INSERT INTO public.image (id, file_name, product_id) VALUES (7, '83c6cd37-254d-42ec-88e7-6ba7da8cfb79.жен1.jpg', 2);
INSERT INTO public.image (id, file_name, product_id) VALUES (8, '198d46de-4dfe-40f2-9284-af4f1f824df7.жен2.jpg', 2);
INSERT INTO public.image (id, file_name, product_id) VALUES (9, 'fec7660e-3bad-45fc-9697-26e1ec02ed3d.жен3.jpg', 2);
INSERT INTO public.image (id, file_name, product_id) VALUES (10, '1dee6c56-eebb-4e9c-a77f-b595144405c8.жен4.jpg', 2);
INSERT INTO public.image (id, file_name, product_id) VALUES (11, '92e336dc-298d-4bb6-b102-d8d26dfabbf4.муж1.jpg', 3);
INSERT INTO public.image (id, file_name, product_id) VALUES (12, '41091a72-01ae-4de7-a7dd-29a504aa6409.муж2.jpg', 3);
INSERT INTO public.image (id, file_name, product_id) VALUES (13, 'b0623d18-f16c-4fc4-b8d9-12166bb26db3.муж3.jpg', 3);
INSERT INTO public.image (id, file_name, product_id) VALUES (14, '3ab52688-ab5e-4f5a-89e1-63fe47b76cec.муж4.jpg', 3);
INSERT INTO public.image (id, file_name, product_id) VALUES (15, '59d288e0-f4bf-4b7a-aba1-5863d994949a.муж5.jpg', 3);
INSERT INTO public.image (id, file_name, product_id) VALUES (36, '40b96f4d-1298-4238-aa83-2d5488a74be3.муж11.jpg', 8);
INSERT INTO public.image (id, file_name, product_id) VALUES (37, '0db061e7-19ab-4e1c-a52b-e2f2d49c8284.муж21.jpg', 8);
INSERT INTO public.image (id, file_name, product_id) VALUES (38, '36534542-3a34-4506-9e92-edcb430a9095.загруженное 31.jpg', 8);
INSERT INTO public.image (id, file_name, product_id) VALUES (39, '2675bc7d-98e2-414b-b39d-194652a2fb07.муж41.jpg', 8);
INSERT INTO public.image (id, file_name, product_id) VALUES (40, '48fcda08-80aa-499d-bed1-48710edd360e.муж51.jpg', 8);
INSERT INTO public.image (id, file_name, product_id) VALUES (41, '79e8c1bf-e4cb-4a4c-a94d-0f09f52a1e96.муж13.jpg', 9);
INSERT INTO public.image (id, file_name, product_id) VALUES (42, '9abf0e1b-1bed-435c-b8ad-98acb0113105.муж23.jpg', 9);
INSERT INTO public.image (id, file_name, product_id) VALUES (43, 'd3e9b344-5e38-4a21-8900-f9e854cb597e.муж33.jpg', 9);
INSERT INTO public.image (id, file_name, product_id) VALUES (44, 'e3a8935d-0dc4-403d-b1a1-3dd2cdc6623e.муж34.jpg', 9);
INSERT INTO public.image (id, file_name, product_id) VALUES (45, 'ee5b78c0-b22c-48d4-bdac-d151298ef36b.муж35.jpg', 9);
INSERT INTO public.image (id, file_name, product_id) VALUES (46, 'dfd9db43-9830-426f-9bff-20460572c4a3.жен12.jpg', 10);
INSERT INTO public.image (id, file_name, product_id) VALUES (47, '8d1b2dd9-0393-4d16-a750-eadb62536942.жен22.jpg', 10);
INSERT INTO public.image (id, file_name, product_id) VALUES (48, '4f3ff46b-03c4-4f38-ad26-4d5c9c99de1b.жен32.jpg', 10);
INSERT INTO public.image (id, file_name, product_id) VALUES (49, '1cfe088c-cc3a-4a88-9b4c-53b8d78d1a73.жен42.jpg', 10);
INSERT INTO public.image (id, file_name, product_id) VALUES (50, 'c8bd36f4-5804-435f-819c-c79b59c7e635.жен52.jpg', 10);
INSERT INTO public.image (id, file_name, product_id) VALUES (51, '13766474-6908-4c23-917b-eb481e8f40d3.жен32.jpg', 11);
INSERT INTO public.image (id, file_name, product_id) VALUES (52, 'd52d06ba-69d9-48e8-a299-f309b2f7c970.жен31.jpg', 11);
INSERT INTO public.image (id, file_name, product_id) VALUES (53, '6d0e65eb-6e3b-4475-831a-7ab428486563.жен33.jpg', 11);
INSERT INTO public.image (id, file_name, product_id) VALUES (54, '87b2b19c-9f36-45de-9803-06a89d074123.жен34.jpg', 11);
INSERT INTO public.image (id, file_name, product_id) VALUES (55, '9e22a692-032b-4bb1-a333-1ea022cd6ed7.жен35.jpg', 11);
INSERT INTO public.image (id, file_name, product_id) VALUES (56, '0bd70825-9d2d-4812-acbc-dbca99da9a7f.дет12.jpg', 12);
INSERT INTO public.image (id, file_name, product_id) VALUES (57, '144e56c2-0fb6-4e22-8f1f-bac12ee52665.дет11.jpg', 12);
INSERT INTO public.image (id, file_name, product_id) VALUES (58, '982dd8da-0e5d-414c-906a-11920ad20b11.дет13.jpg', 12);
INSERT INTO public.image (id, file_name, product_id) VALUES (59, '3d1947ec-dbb1-4688-b659-0b9dea72fb75.дет41.jpg', 12);
INSERT INTO public.image (id, file_name, product_id) VALUES (60, '66b07749-967b-4c33-a048-1e4bd9933804.дет51.jpg', 12);
INSERT INTO public.image (id, file_name, product_id) VALUES (61, '9a41fdb9-4a3a-4197-b727-ba7a16393851.дет21.jpg', 13);
INSERT INTO public.image (id, file_name, product_id) VALUES (62, '7d3d5bf8-0b5f-4566-add0-1eae10a4ed23.дет22.jpg', 13);
INSERT INTO public.image (id, file_name, product_id) VALUES (63, 'a811bf58-cb8a-4be7-8e0b-5b4c55e1a396.дет23.jpg', 13);
INSERT INTO public.image (id, file_name, product_id) VALUES (64, 'c789ffd0-b260-42d1-a79e-f93132532c08.дет24.jpg', 13);
INSERT INTO public.image (id, file_name, product_id) VALUES (65, 'd2ac14dd-8d7b-421a-b738-eda3f6c98c7e.дет25.jpg', 13);


--
-- TOC entry 3354 (class 0 OID 25258)
-- Dependencies: 214
-- Data for Name: orders; Type: TABLE DATA; Schema: public; Owner: postgres
--

INSERT INTO public.orders (id, count, date_time, number, price, status, person_id, product_id) VALUES (1, 1, '2022-12-10 22:38:35.850648', 'f3bca3f3-397a-49d6-906e-22bf7e358e1f', 3500, 1, 2, 2);
INSERT INTO public.orders (id, count, date_time, number, price, status, person_id, product_id) VALUES (2, 1, '2022-12-10 22:38:35.900617', 'f3bca3f3-397a-49d6-906e-22bf7e358e1f', 550, 1, 2, 3);


--
-- TOC entry 3356 (class 0 OID 25264)
-- Dependencies: 216
-- Data for Name: person; Type: TABLE DATA; Schema: public; Owner: postgres
--

INSERT INTO public.person (id, login, password, role) VALUES (1, 'Admin', '$2a$10$T2hpuYvWH6s1NHd99aUjt.QlbwEep7wNTNg/0.L1FSbcAn8lzi6Nm', 'ROLE_ADMIN');
INSERT INTO public.person (id, login, password, role) VALUES (2, 'User1', '$2a$10$WwP6EDTuSPWqtwUO6icoROOeIa5v2i1VDAAlCqs5ytb7GGJW8WBaG', 'ROLE_USER');
INSERT INTO public.person (id, login, password, role) VALUES (3, 'User2', '$2a$10$oOePOgUTZA7splhew0QASui19YwRbMtmp.3vh4ioVhNH9uE4Pc1ci', 'ROLE_SELLER');


--
-- TOC entry 3358 (class 0 OID 25272)
-- Dependencies: 218
-- Data for Name: product; Type: TABLE DATA; Schema: public; Owner: postgres
--

INSERT INTO public.product (id, date_time_of_created, description, price, seller, title, warehouse, category_id) VALUES (1, '2022-12-10 19:35:19.330039', 'Комплект для новорожденных и малышей из мягкого, нежного на ощупь интерлока застегивается на кнопочки по всей длине комбинезона, что позволит быстро и без проблем переодеть малыша в любое время. Слип полностью закрывает тельце малыша и при этом он абсолютно свободен в движениях. Размеры 50, 56 и 62 идут с антицарапками и швами наружу. Антицарапки позволят Вам держать ручки младенца как открытыми, так и закрытыми, что очень удобно в нежной заботе за ним в первые месяцы жизни и важно для его безопасности и спокойного сна. У размеров 68 и 74 швы выполнены внутрь и ручки открыты. Подходит как для мальчиков, так и для девочек. Теги: лето весна зима осень демисезонный классический комплект флис пижама слипик поддева нательный боди, утепленный конверт слитный комбез на лямках вязаный кокон в коляску нижнее белье ползунки ткань распашонка для груднички младенцы малыши, овчина цвет желтый зеленый белый черный серый однотонный подарок 8 марта 23 февраля на выписку', 2500, 'КУЛ-ТЕКС', 'Бэбилита Комбинезон слип', 'Коледино', 3);
INSERT INTO public.product (id, date_time_of_created, description, price, seller, title, warehouse, category_id) VALUES (2, '2022-12-10 19:36:51.783854', 'Сарафан женский летний стильный офисный школьный повседневный вечерний оверсайз для беременных вельветовый серый черный графит можно надеть как повседневное на работу в офис, на учебу в школу или университет, так и на выход, на вечеринку, с подружками в кафе или свадьбу как праздничное (коктейльное или вечернее). Сарафан женский представлен как в норме в размерах 38,40,42,44,46 так и в больших размерах 48,50,52,54,56. Является хитом лето осень сезона 2022 года, создаст женственный образ и яркий лук, подчеркнет достоинства и скроет недостатки фигуры. Офисное платье с V-образным вырезом на бретелях - это трендовый базовый предмет в вашем гардеробе. Сарафан короткий миди станет шикарным подарком на день рождение. Если сравнивать наш сарафан на каждый день с джинсовым сарафаном, вязанным платьем, то наш сарафан более базовый. Можно создать яркий лук одев его с базовой рубашкой, создав стильную комбинацию одев его под пиджак или завязав сверху рубашку оверсайз, а также с футболкой. Платье универсальное, базовое, осеннее классическое и в то же время современное и трендовое за умеренную цену, которое можно носить не только как летнее, но и осенью и зимой, благодаря высокому качеству пошива будет радовать вас не один год и станет любимым в вашем гардеробе. Новый мини сарафан - платье из микро вельвета со стильными бретелями и без нашивок и без разреза, с открытыми плечами, длина не в пол. Вырез изделия выгодно подчеркнет достоинства фигуры и подойдет как для беременных так и для кормящих мам. Подобрав любимый комплект аксессуаров и украшений к платью, ваш образ станет по настоящему запоминающимся! У нас есть акции и распродажи, вы можете купить наши товары в подарок со скидкой!', 3500, 'Carolina shop', 'Платье Сарафан женский офисный стильный', 'Коледино', 1);
INSERT INTO public.product (id, date_time_of_created, description, price, seller, title, warehouse, category_id) VALUES (3, '2022-12-10 19:47:32.208016', 'Футболка является неотъемлемой частью гардероба современного мужчины. Модель изготовлена из хлопка, поэтому легко очищается от загрязнений, хорошо держит форму и отличается высокой прочностью. Благодаря способности впитывать влагу эта футболка с коротким рукавом отлично подойдет как для занятий спортом, так и для дома. Свободный крой подходит как для невысоких, так и для высоких людей. Эта плотная текстильная футболка будет прекрасно сочетается с джинсами или брюками. В самую жаркую погоду Вы будете чувствовать себя комфортно благодаря дышащему материалу, а если на улице прохладно, то будет достаточно надеть поверх куртку и стильный лук готов! На модели в белом: джинсы - 81901511', 550, 'Сotton', 'Футболка мужская хлопок ', 'Коледино', 2);
INSERT INTO public.product (id, date_time_of_created, description, price, seller, title, warehouse, category_id) VALUES (8, '2022-12-10 20:42:03.353039', 'Описание: Худи свободного фасона, капюшон регулируется шнурком, карман спереди, эластичные манжеты и пояс. Произведено из футера высшего качества. Футер - плотное трикотажное полотно из хлопка с добавлением полиэстера для долговечности изделия. Полотно хорошо тянется, не деформируется, отлично держит форму.', 3400, 'Dream Shirts', 'Наименование: Худи Иосиф Бродский - Романс Скрипача / Толстовка', 'КПТ', 2);
INSERT INTO public.product (id, date_time_of_created, description, price, seller, title, warehouse, category_id) VALUES (9, NULL, 'Ищите теплую и легкую куртку, тогда сделайте выбор в пользу этого изделия. Куртка защитит Вас от непогоды благодаря водоотталкивающим свойствам снаружи и теплой подкладке внутри. Это функциональное изделие дополнено складывающимся под воротник капюшоном, 2 наружными карманами на молнии и 1 внутренним карманом на груди для документов. Кроме того, низ и манжеты оснащены эластичным кантом. На левом рукаве расположена каучуковая нашивка. Цвет внешней стороны синий, цвет подкладки оранжевый. Нас ищут: куртка мужская, демисезонная стеганая куртка, утепленная куртка, легкая ветровка больших размеров, куртка для повседневной носки, куртка для активного отдыха, куртка для высоких мужчин, куртка на каждый день, куртка для офиса, куртка для похода, для прогулок, для бега, куртка на осень, куртку на весну, куртка на прохладную погоду, сезон 2022, 2023, куртка для бега, куртка для лыж, горная куртка, спортивная куртка, модная куртка, молодежная куртка, куртка больших размеров', 4277, 'Atlas For Men', 'Atlas For Men Куртка стеганая с капюшоном', 'Коледино', 2);
INSERT INTO public.product (id, date_time_of_created, description, price, seller, title, warehouse, category_id) VALUES (10, '2022-12-10 21:04:54.787608', 'Описание: Платье из шифона на подкладке с корректирующим эффектом. Нежная и струящаяся фактура ткани и новые вариации принта нашей новинки, выгодно подчеркнут достоинства Вашей фигуры, а пояс сделает акцент на талии. Расширенная линейка больших размеров до 52! Успейте купить сейчас! Нас можно найти по запросам: KUSH ежедневное платье базовое платье зеленое платье розовое платье красное платье черное платье в цветочек голубое платье желтое платье синее платье леопардовое платье на осень платье на зиму новая коллекция эффектное платье вечернее платье вечерняя мода', 3933, 'LEAMI', 'Платье шифоновое праздничное с корректирующим эффектом', 'Коледино', 1);
INSERT INTO public.product (id, date_time_of_created, description, price, seller, title, warehouse, category_id) VALUES (11, '2022-12-10 21:13:01.016117', 'Комбинированный женский джемпер с имитацией блузки на воротнике и по нижнему краю обеспечит максимальный комфорт и свободу движений и отлично подойдёт для стильного повседневного аутфита в институт, на работу или для встреч с друзьями. Прямой крой, отложной воротник с застёжкой на пуговицу сзади, рукав 3/4 с отворотом, короткие боковые разрезы. Размер на модели: S. Рост модели: 175 см. ОГ-ОТ-ОБ: 86-58-90 см.', 1135, 'ФАКТОР', 'Zolla Блузка', 'Коледино', 1);
INSERT INTO public.product (id, date_time_of_created, description, price, seller, title, warehouse, category_id) VALUES (12, '2022-12-10 22:10:03.424185', 'Комплект носков для новорожденного состоит из 2 пар от Uviton. Мягкие и комфортные, махровые, изготовлены из натурального хлопка. Комплект носков для новорожденного состоит из 2 пар. Размер 0-6 мес.Носочки для новорожденных (Uviton) .Мягкие и комфортные, махровые, изготовлены из натурального хлопка.Нежный цвет изделий в сочетании с красочным рисунком выглядит очень привлекательно. Комплект состоит из 2 пар, которые отличаются по дизайну с выдержанной цветовой гаммой: с веселыми мордашками наверняка, понравятся малышу и вызовут умиление у взрослых. Текстура носочков для малышей очень мягкая, нежная, что гарантирует вашему малышу комфорт при носке. Носочки подойдут к любой одежде для детей. Резинка совершенно не стягивает ножку, но при этом отлично фиксирует. Носочки для новорожденных разработаны и произведены в России.Носочки детские упакованы в плотный пакет. Цветовая гамма нейтральная- поэтому носочки подойдут для новорожденных девочек и новорожденных мальчиков. Детские носочки можно использовать в качестве подарка малышу или на выписку в роддом. Вместе с одеждой для новорожденных новые носочки для малышей прекрасно дополнит подарочный комплект на выписку в роддом, а так же это отличный подарок на первый день рождения ребенка или КрестиныАксессуары для новорожденных соответствуют самым высоким требованиям, предъявляемым к детскому белью, они практичны и просты в уходе. Мы делаем одежду для новорожденных с различными цветовыми вариантами - можно подобрать как для девочки, так и для мальчика. К этим милым носочкам - вы можете подобрать трусики для новорожденных из нашей коллекции. Одежда для новорожденных соответствует требованиям безопасности детской продукции ТР ТС- все наши детские товары для новорожденных безопасны и имеют сертификат соответствия.Набор для новорожденного от Uviton это стильные и удобные аксессуары для новорожденных. Трикотажный материал из натурального хлопка делает изделия качественными, прочными и износостойкими. Плотный трикотажный материал из натурального хлопка делает изделия качественными, прочными и износостойкими. Рекомендации по уходу: стирка при t не более 40 градусов.', 206, 'Торговый дом Трейд Кидс ', 'Uviton  Носочки для новорожденных/детские/ МАХРОВЫЕ 2 пары', 'Коледино', 3);
INSERT INTO public.product (id, date_time_of_created, description, price, seller, title, warehouse, category_id) VALUES (13, '2022-12-10 22:18:40.487187', 'Комплект их двух чепчиков одной коллекции,разного цветового исполнения.Первый головной убор для новорожденного. Широкий трикотажный манжет плотно обхватывает головку малыша.Швы наружу. Состав: трикотаж высшего качества интерлок (хлопок 100%). Размер: 16-20. На возраст 0-3 мес.Артикулы на другие модели коллекций 26392619, 26392732, 29474924, 29474925, 30131479, 30133175, 30136653, 30140832, 30159983, 30160749, 30162288, 30163231. 62074441 62066098 62065141 62074769 62067872 62068779 62063278. 64700492 66088923 64700491 66819849 68542711 68545875 68546286 68543254.', 336, 'KiDi', 'KiDi Чепчик трикотажный для малышей хлопок', 'Коледино', 3);


--
-- TOC entry 3360 (class 0 OID 25281)
-- Dependencies: 220
-- Data for Name: product_cart; Type: TABLE DATA; Schema: public; Owner: postgres
--



--
-- TOC entry 3366 (class 0 OID 0)
-- Dependencies: 209
-- Name: category_id_seq; Type: SEQUENCE SET; Schema: public; Owner: postgres
--

SELECT pg_catalog.setval('public.category_id_seq', 3, true);


--
-- TOC entry 3367 (class 0 OID 0)
-- Dependencies: 211
-- Name: image_id_seq; Type: SEQUENCE SET; Schema: public; Owner: postgres
--

SELECT pg_catalog.setval('public.image_id_seq', 65, true);


--
-- TOC entry 3368 (class 0 OID 0)
-- Dependencies: 213
-- Name: orders_id_seq; Type: SEQUENCE SET; Schema: public; Owner: postgres
--

SELECT pg_catalog.setval('public.orders_id_seq', 2, true);


--
-- TOC entry 3369 (class 0 OID 0)
-- Dependencies: 215
-- Name: person_id_seq; Type: SEQUENCE SET; Schema: public; Owner: postgres
--

SELECT pg_catalog.setval('public.person_id_seq', 3, true);


--
-- TOC entry 3370 (class 0 OID 0)
-- Dependencies: 219
-- Name: product_cart_id_seq; Type: SEQUENCE SET; Schema: public; Owner: postgres
--

SELECT pg_catalog.setval('public.product_cart_id_seq', 2, true);


--
-- TOC entry 3371 (class 0 OID 0)
-- Dependencies: 217
-- Name: product_id_seq; Type: SEQUENCE SET; Schema: public; Owner: postgres
--

SELECT pg_catalog.setval('public.product_id_seq', 13, true);


--
-- TOC entry 3191 (class 2606 OID 25250)
-- Name: category category_pkey; Type: CONSTRAINT; Schema: public; Owner: postgres
--

ALTER TABLE ONLY public.category
    ADD CONSTRAINT category_pkey PRIMARY KEY (id);


--
-- TOC entry 3193 (class 2606 OID 25256)
-- Name: image image_pkey; Type: CONSTRAINT; Schema: public; Owner: postgres
--

ALTER TABLE ONLY public.image
    ADD CONSTRAINT image_pkey PRIMARY KEY (id);


--
-- TOC entry 3195 (class 2606 OID 25262)
-- Name: orders orders_pkey; Type: CONSTRAINT; Schema: public; Owner: postgres
--

ALTER TABLE ONLY public.orders
    ADD CONSTRAINT orders_pkey PRIMARY KEY (id);


--
-- TOC entry 3197 (class 2606 OID 25270)
-- Name: person person_pkey; Type: CONSTRAINT; Schema: public; Owner: postgres
--

ALTER TABLE ONLY public.person
    ADD CONSTRAINT person_pkey PRIMARY KEY (id);


--
-- TOC entry 3203 (class 2606 OID 25285)
-- Name: product_cart product_cart_pkey; Type: CONSTRAINT; Schema: public; Owner: postgres
--

ALTER TABLE ONLY public.product_cart
    ADD CONSTRAINT product_cart_pkey PRIMARY KEY (id);


--
-- TOC entry 3199 (class 2606 OID 25279)
-- Name: product product_pkey; Type: CONSTRAINT; Schema: public; Owner: postgres
--

ALTER TABLE ONLY public.product
    ADD CONSTRAINT product_pkey PRIMARY KEY (id);


--
-- TOC entry 3201 (class 2606 OID 25287)
-- Name: product uk_qka6vxqdy1dprtqnx9trdd47c; Type: CONSTRAINT; Schema: public; Owner: postgres
--

ALTER TABLE ONLY public.product
    ADD CONSTRAINT uk_qka6vxqdy1dprtqnx9trdd47c UNIQUE (title);


--
-- TOC entry 3205 (class 2606 OID 25293)
-- Name: orders fk1b0m4muwx1t377w9if3w6wwqn; Type: FK CONSTRAINT; Schema: public; Owner: postgres
--

ALTER TABLE ONLY public.orders
    ADD CONSTRAINT fk1b0m4muwx1t377w9if3w6wwqn FOREIGN KEY (person_id) REFERENCES public.person(id);


--
-- TOC entry 3207 (class 2606 OID 25303)
-- Name: product fk1mtsbur82frn64de7balymq9s; Type: FK CONSTRAINT; Schema: public; Owner: postgres
--

ALTER TABLE ONLY public.product
    ADD CONSTRAINT fk1mtsbur82frn64de7balymq9s FOREIGN KEY (category_id) REFERENCES public.category(id);


--
-- TOC entry 3206 (class 2606 OID 25298)
-- Name: orders fk787ibr3guwp6xobrpbofnv7le; Type: FK CONSTRAINT; Schema: public; Owner: postgres
--

ALTER TABLE ONLY public.orders
    ADD CONSTRAINT fk787ibr3guwp6xobrpbofnv7le FOREIGN KEY (product_id) REFERENCES public.product(id);


--
-- TOC entry 3204 (class 2606 OID 25288)
-- Name: image fkgpextbyee3uk9u6o2381m7ft1; Type: FK CONSTRAINT; Schema: public; Owner: postgres
--

ALTER TABLE ONLY public.image
    ADD CONSTRAINT fkgpextbyee3uk9u6o2381m7ft1 FOREIGN KEY (product_id) REFERENCES public.product(id);


--
-- TOC entry 3209 (class 2606 OID 25313)
-- Name: product_cart fkhpnrxdy3jhujameyod08ilvvw; Type: FK CONSTRAINT; Schema: public; Owner: postgres
--

ALTER TABLE ONLY public.product_cart
    ADD CONSTRAINT fkhpnrxdy3jhujameyod08ilvvw FOREIGN KEY (product_id) REFERENCES public.product(id);


--
-- TOC entry 3208 (class 2606 OID 25308)
-- Name: product_cart fksgnkc1ko2i1o9yr2p63ysq3rn; Type: FK CONSTRAINT; Schema: public; Owner: postgres
--

ALTER TABLE ONLY public.product_cart
    ADD CONSTRAINT fksgnkc1ko2i1o9yr2p63ysq3rn FOREIGN KEY (person_id) REFERENCES public.person(id);


-- Completed on 2022-12-10 22:45:34

--
-- PostgreSQL database dump complete
--

